{
  "project_info": {
    "project_number": "136216295257",
    "project_id": "lab96-e3bcf",
    "storage_bucket": "lab96-e3bcf.firebasestorage.app"
  },
  "client": [
    {
      "client_info": {
        "mobilesdk_app_id": "1:136216295257:android:b1fa7586f0c190d992be48",
        "android_client_info": {
          "package_name": "com.example.Lab6"
        }
      },
      "oauth_client": [],
      "api_key": [
        {
          "current_key": "AIzaSyD4lNBMpCTeNTwwlTGlUINb0bJ1mfDDKns"
        }
      ],
      "services": {
        "appinvite_service": {
          "other_platform_oauth_client": []
        }
      }
    }
  ],
  "configuration_version": "1"
}